<?xml version="1.0" encoding="utf-8" ?>
<odoo>
    <record id="ir_cron_update_mobile_app_assignments" model="ir.cron">
        <field name="name">Update Mobile App Assignments</field>
        <field name="model_id" ref="model_tracking_send"/>
        <field name="state">code</field>
        <field name="code">model.cron_update_assignments()</field>
        <field name="interval_number">1</field>
        <field name="interval_type">hours</field>
        <field name="numbercall">-1</field>
        <field name="doall" eval="False"/>
    </record>
</odoo>
