<odoo>
    <record id="ir_cron_check_subscriptions" model="ir.cron">
        <field name="name">Check Subscription Expiry</field>
        <field name="model_id" ref="model_company_subscription"/>
        <field name="state">code</field>
        <field name="code">model.cron_check_subscriptions()</field>
        <field name="interval_number">1</field>
        <field name="interval_type">days</field>
        <field name="numbercall">-1</field>
        <field name="doall">False</field>
    </record>
</odoo>