id,name,model_id:id,group_id:id,perm_read,perm_write,perm_create,perm_unlink
access_permissions,permissions,model_permissions,base.group_user,1,1,1,1
access_rules,rules,model_rules,base.group_user,1,1,1,1
access_user_rules,user_rules,model_user_rules,base.group_user,1,1,1,1
access_modules_rules,modules_rules,model_modules_rules,base.group_user,1,1,1,1
access_employee_rules_summary,employee_rules_summary,model_employee_rules_summary,base.group_user,1,1,1,1
access_company_subscription,company_subscription,model_company_subscription,base.group_user,1,1,1,1
access_company_manger,company_manger,model_company_manger,base.group_user,1,1,1,1
access_user_data,user_data,model_user_data,base.group_user,1,1,1,1
access_company_schedule,company_schedule,model_company_schedule,base.group_user,1,1,1,1
access_wan_ip,wan_ip,model_wan_ip,base.group_user,1,1,1,1
access_zones,zones,model_zones,base.group_user,1,1,1,1